{"cameraMode":{"drawMode":0,"name":"Shaded","section":"Shading Mode"},"sceneLighting":true,"audioPlay":false,"sceneViewState":{"m_AlwaysRefresh":false,"showFog":true,"showSkybox":true,"showFlares":true,"showImageEffects":true,"showParticleSystems":true,"showVisualEffectGraphs":true,"m_FxEnabled":true},"in2DMode":false,"pivot":{"x":0.7358498573303223,"y":0.9436135292053223,"z":-0.5302095413208008},"rotation":{"x":-0.5631362199783325,"y":-0.009660053998231888,"z":0.0065944562666118149,"w":-0.8263287544250488},"size":3.764307975769043,"orthographic":true}